﻿[{
                        "head": "A",
                        "id": "aa",
                        "contents": "A Contents",
                        "children": [
                            {
                                "head": "A-1",
                                "id": "a1",
                                "contents": "A-1 Contents",
                                "children": [
                                    { "head": "A-1-1", "id": "a11", "contents": "A-1-1 Contents" }
                                ]
                            },
                            {
                                "head": "A-2",
                                "id": "a2",
                                "contents": "A-2 Contents",
                                "children": [
                                    { "head": "A-2-1", "id": "a21", "contents": "A-2-1 Contents" },
                                    { "head": "A-2-2", "id": "a22", "contents": "A-2-2 Contents" }
                                ]
                            }
                        ]
                    }]